meeting_id,speaker,translated_text
c2g4hb6e-22c8-5d2b-b79f-ac2d98ee35f2,JOHN DOE,Good morning everyone. Welcome to the quarterly review.
c2g4hb6e-22c8-5d2b-b79f-ac2d98ee35f2,JANE SMITH,Let's start by discussing our key performance metrics.
c2g4hb6e-22c8-5d2b-b79f-ac2d98ee35f2,CARLOS MARTINEZ,Good morning everyone. I have prepared the sales report.
c2g4hb6e-22c8-5d2b-b79f-ac2d98ee35f2,LI WEI,Hello everyone. Let me share the progress on the technical roadmap.
c2g4hb6e-22c8-5d2b-b79f-ac2d98ee35f2,AMARA OKAFOR,The marketing campaigns have shown significant results this quarter.
c2g4hb6e-22c8-5d2b-b79f-ac2d98ee35f2,JOHN DOE,Thank you Amara. Carlos could you present the sales figures?
c2g4hb6e-22c8-5d2b-b79f-ac2d98ee35f2,CARLOS MARTINEZ,Sales increased by 15% compared to the previous quarter.
c2g4hb6e-22c8-5d2b-b79f-ac2d98ee35f2,JANE SMITH,That’s impressive growth. Can you break it down by region?
c2g4hb6e-22c8-5d2b-b79f-ac2d98ee35f2,CARLOS MARTINEZ,The North America region led with a 20% increase followed by Europe at 12%.
c2g4hb6e-22c8-5d2b-b79f-ac2d98ee35f2,LI WEI,On the technical front we are ahead of schedule for the new platform rollout.
c2g4hb6e-22c8-5d2b-b79f-ac2d98ee35f2,AMARA OKAFOR,This aligns well with the upcoming campaigns planned for Q3.
c2g4hb6e-22c8-5d2b-b79f-ac2d98ee35f2,JOHN DOE,Excellent coordination. Are there any challenges we should address?
c2g4hb6e-22c8-5d2b-b79f-ac2d98ee35f2,JANE SMITH,One challenge is resource allocation in the Asia-Pacific region.
c2g4hb6e-22c8-5d2b-b79f-ac2d98ee35f2,CARLOS MARTINEZ,Agreed. We may need to reassign some resources to support that region.
c2g4hb6e-22c8-5d2b-b79f-ac2d98ee35f2,LI WEI,From a technical perspective we can prioritize scaling efforts there.
c2g4hb6e-22c8-5d2b-b79f-ac2d98ee35f2,AMARA OKAFOR,I suggest we align marketing strategies with these adjustments.
c2g4hb6e-22c8-5d2b-b79f-ac2d98ee35f2,JOHN DOE,Good suggestions. Let’s create an action plan to address this.
c2g4hb6e-22c8-5d2b-b79f-ac2d98ee35f2,JANE SMITH,We’ll draft the plan and share it by the end of the week.
c2g4hb6e-22c8-5d2b-b79f-ac2d98ee35f2,JOHN DOE,Any additional points to discuss before we wrap up?
c2g4hb6e-22c8-5d2b-b79f-ac2d98ee35f2,CARLOS MARTINEZ,No further points from my side.
c2g4hb6e-22c8-5d2b-b79f-ac2d98ee35f2,LI WEI,Everything looks good from the technical team.
c2g4hb6e-22c8-5d2b-b79f-ac2d98ee35f2,AMARA OKAFOR,No additional updates from marketing.
c2g4hb6e-22c8-5d2b-b79f-ac2d98ee35f2,JANE SMITH,Alright I’ll finalize the minutes of the meeting and share them.
c2g4hb6e-22c8-5d2b-b79f-ac2d98ee35f2,JOHN DOE,Thank you everyone. Meeting adjourned.
